Title,Released_Year,Rating,Certificate
The Shawshank Redemption,1994,9.3,18
The Godfather,1972,9.2,18
The Dark Knight,2008,9.0,12
The Godfather: Part II,1974,9.0,18
12 Angry Men,1957,9.0,L
The Lord of the Rings: The Return of the King,2003,8.9,L
Pulp Fiction,1994,8.9,18
Schindler's List,1993,8.9,18
Inception,2010,8.8,12
Fight Club,1999,8.8,18
The Lord of the Rings: The Fellowship of the Ring,2001,8.8,L
Forrest Gump,1994,8.8,12
"Il buono, il brutto, il cattivo",1966,8.8,18
The Lord of the Rings: The Two Towers,2002,8.7,12
The Matrix,1999,8.7,18
Goodfellas,1990,8.7,18
Star Wars: Episode V - The Empire Strikes Back,1980,8.7,12
One Flew Over the Cuckoo's Nest,1975,8.7,18
Hamilton,2020,8.6,13
Gisaengchung,2019,8.6,18
Soorarai Pottru,2020,8.6,L
Interstellar,2014,8.6,12
Cidade de Deus,2002,8.6,18
Sen to Chihiro no kamikakushi,2001,8.6,L
Saving Private Ryan,1998,8.6,16
The Green Mile,1999,8.6,18
La vita è bella,1997,8.6,L
Se7en,1995,8.6,18
The Silence of the Lambs,1991,8.6,18
Star Wars,1977,8.6,12
Seppuku,1962,8.6,Unrated
Shichinin no samurai,1954,8.6,L
It's a Wonderful Life,1946,8.6,10
Joker,2019,8.5,18
Whiplash,2014,8.5,18
The Intouchables,2011,8.5,12
The Prestige,2006,8.5,L
The Departed,2006,8.5,18
The Pianist,2002,8.5,16
Gladiator,2000,8.5,12
American History X,1998,8.5,16
The Usual Suspects,1995,8.5,18
Léon,1994,8.5,18
The Lion King,1994,8.5,L
Terminator 2: Judgment Day,1991,8.5,L
Nuovo Cinema Paradiso,1988,8.5,L
Hotaru no haka,1988,8.5,L
Back to the Future,1985,8.5,L
Once Upon a Time in the West,1968,8.5,L
Psycho,1960,8.5,18
Casablanca,1942,8.5,L
Modern Times,1936,8.5,L
City Lights,1931,8.5,L
Capharnaüm,2018,8.4,18
Ayla: The Daughter of War,2017,8.4,Unrated
Vikram Vedha,2017,8.4,12
Kimi no na wa.,2016,8.4,L
Dangal,2016,8.4,L
Spider-Man: Into the Spider-Verse,2018,8.4,L
Avengers: Endgame,2019,8.4,12
Avengers: Infinity War,2018,8.4,12
Coco,2017,8.4,L
Django Unchained,2012,8.4,18
The Dark Knight Rises,2012,8.4,12
3 Idiots,2009,8.4,12
Taare Zameen Par,2007,8.4,L
WALL·E,2008,8.4,L
The Lives of Others,2006,8.4,18
Oldeuboi,2003,8.4,18
Memento,2000,8.4,12
Mononoke-hime,1997,8.4,L
Once Upon a Time in America,1984,8.4,18
Raiders of the Lost Ark,1981,8.4,18
The Shining,1980,8.4,18
Apocalypse Now,1979,8.4,16
Alien,1979,8.4,16
Anand,1971,8.4,L
Tengoku to jigoku,1963,8.4,Unrated
Dr. Strangelove or: How I Learned to Stop Worrying and Love the Bomb,1964,8.4,18
Witness for the Prosecution,1957,8.4,L
Paths of Glory,1957,8.4,18
Rear Window,1954,8.4,L
Sunset Blvd.,1950,8.4,L
The Great Dictator,1940,8.4,L
1917,2019,8.3,16
Tumbbad,2018,8.3,18
Andhadhun,2018,8.3,12
Drishyam,2013,8.3,L
Jagten,2012,8.3,16
Jodaeiye Nader az Simin,2011,8.3,13
Incendies,2010,8.3,16
Miracle in cell NO.7,2019,8.3,16
Babam ve Oglum,2005,8.3,Unrated
Inglourious Basterds,2009,8.3,18
Eternal Sunshine of the Spotless Mind,2004,8.3,12
Amélie,2001,8.3,L
Snatch,2000,8.3,12
Requiem for a Dream,2000,8.3,18
American Beauty,1999,8.3,12
Good Will Hunting,1997,8.3,L
Bacheha-Ye aseman,1997,8.3,10
Toy Story,1995,8.3,L
Braveheart,1995,8.3,18
Reservoir Dogs,1992,8.3,16
Full Metal Jacket,1987,8.3,12
Idi i smotri,1985,8.3,18
Aliens,1986,8.3,L
Amadeus,1984,8.3,16
Scarface,1983,8.3,18
Star Wars: Episode VI - Return of the Jedi,1983,8.3,L
Das Boot,1981,8.3,16
Taxi Driver,1976,8.3,18
The Sting,1973,8.3,L
A Clockwork Orange,1971,8.3,18
2001: A Space Odyssey,1968,8.3,L
Per qualche dollaro in più,1965,8.3,L
Lawrence of Arabia,1962,8.3,L
The Apartment,1960,8.3,L
North by Northwest,1959,8.3,L
Vertigo,1958,8.3,18
Singin' in the Rain,1952,8.3,L
Ikiru,1952,8.3,Unrated
Ladri di biciclette,1948,8.3,Unrated
Double Indemnity,1944,8.3,L
Citizen Kane,1941,8.3,12
M - Eine Stadt sucht einen Mörder,1931,8.3,L
Metropolis,1927,8.3,Unrated
The Kid,1921,8.3,L
Chhichhore,2019,8.2,12
Uri: The Surgical Strike,2018,8.2,12
K.G.F: Chapter 1,2018,8.2,12
Green Book,2018,8.2,12
"Three Billboards Outside Ebbing, Missouri",2017,8.2,18
Talvar,2015,8.2,12
Baahubali 2: The Conclusion,2017,8.2,12
Klaus,2019,8.2,10
Drishyam,2015,8.2,12
Queen,2013,8.2,12
Mandariinid,2013,8.2,Unrated
Bhaag Milkha Bhaag,2013,8.2,L
Gangs of Wasseypur,2012,8.2,18
Udaan,2010,8.2,12
Paan Singh Tomar,2012,8.2,12
El secreto de sus ojos,2009,8.2,16
Warrior,2011,8.2,12
Shutter Island,2010,8.2,18
Up,2009,8.2,L
The Wolf of Wall Street,2013,8.2,18
Chak De! India,2007,8.2,L
There Will Be Blood,2007,8.2,18
Pan's Labyrinth,2006,8.2,12
Toy Story 3,2010,8.2,L
V for Vendetta,2005,8.2,18
Rang De Basanti,2006,8.2,12
Black,2005,8.2,L
Batman Begins,2005,8.2,12
"Swades: We, the People",2004,8.2,L
Der Untergang,2004,8.2,16
Hauru no ugoku shiro,2004,8.2,L
A Beautiful Mind,2001,8.2,12
Hera Pheri,2000,8.2,L
"Lock, Stock and Two Smoking Barrels",1998,8.2,18
L.A. Confidential,1997,8.2,18
Eskiya,1996,8.2,Unrated
Heat,1995,8.2,18
Casino,1995,8.2,18
Andaz Apna Apna,1994,8.2,L
Unforgiven,1992,8.2,18
Indiana Jones and the Last Crusade,1989,8.2,L
Dom za vesanje,1988,8.2,16
Tonari no Totoro,1988,8.2,L
Die Hard,1988,8.2,18
Ran,1985,8.2,L
Raging Bull,1980,8.2,18
Stalker,1979,8.2,L
Höstsonaten,1978,8.2,L
The Message,1976,8.2,10
Sholay,1975,8.2,L
Monty Python and the Holy Grail,1975,8.2,10
The Great Escape,1963,8.2,L
To Kill a Mockingbird,1962,8.2,L
Yôjinbô,1961,8.2,Unrated
Judgment at Nuremberg,1961,8.2,18
Some Like It Hot,1959,8.2,L
Smultronstället,1957,8.2,L
Det sjunde inseglet,1957,8.2,18
Du rififi chez les hommes,1955,8.2,Unrated
Dial M for Murder,1954,8.2,18
Tôkyô monogatari,1953,8.2,L
Rashômon,1950,8.2,Unrated
All About Eve,1950,8.2,L
The Treasure of the Sierra Madre,1948,8.2,L
To Be or Not to Be,1942,8.2,L
The Gold Rush,1925,8.2,L
Sherlock Jr.,1924,8.2,L
Portrait de la jeune fille en feu,2019,8.1,16
Pink,2016,8.1,12
Koe no katachi,2016,8.1,16
Contratiempo,2016,8.1,16
Ah-ga-ssi,2016,8.1,18
Mommy,2014,8.1,16
Haider,2014,8.1,12
Logan,2017,8.1,18
Room,2015,8.1,16
Relatos salvajes,2014,8.1,16
Soul,2020,8.1,L
Kis Uykusu,2014,8.1,Unrated
PK,2014,8.1,12
OMG: Oh My God!,2012,8.1,L
The Grand Budapest Hotel,2014,8.1,12
Gone Girl,2014,8.1,18
Ôkami kodomo no Ame to Yuki,2012,8.1,L
Hacksaw Ridge,2016,8.1,18
Inside Out,2015,8.1,L
Barfi!,2012,8.1,L
12 Years a Slave,2013,8.1,18
Rush,2013,8.1,12
Ford v Ferrari,2019,8.1,12
Spotlight,2015,8.1,18
Song of the Sea,2014,8.1,10
Kahaani,2012,8.1,12
Zindagi Na Milegi Dobara,2011,8.1,L
Prisoners,2013,8.1,18
Mad Max: Fury Road,2015,8.1,12
A Wednesday,2008,8.1,12
Gran Torino,2008,8.1,16
Harry Potter and the Deathly Hallows: Part 2,2011,8.1,12
Okuribito,2008,8.1,13
Hachi: A Dog's Tale,2009,8.1,L
Mary and Max,2009,8.1,Unrated
How to Train Your Dragon,2010,8.1,L
Into the Wild,2007,8.1,16
No Country for Old Men,2007,8.1,16
Lage Raho Munna Bhai,2006,8.1,L
Million Dollar Baby,2004,8.1,12
Hotel Rwanda,2004,8.1,13
Taegukgi hwinalrimyeo,2004,8.1,16
Before Sunset,2004,8.1,16
Munna Bhai M.B.B.S.,2003,8.1,L
Salinui chueok,2003,8.1,12
Dil Chahta Hai,2001,8.1,Unrated
Kill Bill: Vol. 1,2003,8.1,16
Finding Nemo,2003,8.1,L
Catch Me If You Can,2002,8.1,18
Amores perros,2000,8.1,18
"Monsters, Inc.",2001,8.1,L
"Shin seiki Evangelion Gekijô-ban: Air/Magokoro wo, kimi ni",1997,8.1,12
Lagaan: Once Upon a Time in India,2001,8.1,L
The Sixth Sense,1999,8.1,18
La leggenda del pianista sull'oceano,1998,8.1,L
The Truman Show,1998,8.1,L
"Crna macka, beli macor",1998,8.1,16
The Big Lebowski,1998,8.1,16
Fa yeung nin wah,2000,8.1,L
Trainspotting,1996,8.1,18
Fargo,1996,8.1,18
Underground,1995,8.1,Unrated
La haine,1995,8.1,12
Dilwale Dulhania Le Jayenge,1995,8.1,L
Before Sunrise,1995,8.1,16
Trois couleurs: Rouge,1994,8.1,L
Chung Hing sam lam,1994,8.1,L
Jurassic Park,1993,8.1,12
In the Name of the Father,1993,8.1,12
Ba wang bie ji,1993,8.1,16
Dà hóng denglong gaogao guà,1991,8.1,10
Dead Poets Society,1989,8.1,L
Stand by Me,1986,8.1,L
Platoon,1986,8.1,18
"Paris, Texas",1984,8.1,L
Kaze no tani no Naushika,1984,8.1,L
The Thing,1982,8.1,18
Pink Floyd: The Wall,1982,8.1,12
Fitzcarraldo,1982,8.1,16
Fanny och Alexander,1982,8.1,18
Blade Runner,1982,8.1,12
The Elephant Man,1980,8.1,12
Life of Brian,1979,8.1,16
The Deer Hunter,1978,8.1,18
Rocky,1976,8.1,L
Network,1976,8.1,12
Barry Lyndon,1975,8.1,10
Zerkalo,1975,8.1,L
Chinatown,1974,8.1,12
Paper Moon,1973,8.1,L
Viskningar och rop,1972,8.1,18
Solaris,1972,8.1,10
Le samouraï,1967,8.1,L
Cool Hand Luke,1967,8.1,18
Persona,1966,8.1,Unrated
Andrei Rublev,1966,8.1,16
La battaglia di Algeri,1966,8.1,Unrated
El ángel exterminador,1962,8.1,Unrated
What Ever Happened to Baby Jane?,1962,8.1,L
Sanjuro,1962,8.1,L
The Man Who Shot Liberty Valance,1962,8.1,Unrated
Ivanovo detstvo,1962,8.1,Unrated
Jungfrukällan,1960,8.1,18
Inherit the Wind,1960,8.1,L
Les quatre cents coups,1959,8.1,Unrated
Ben-Hur,1959,8.1,L
Kakushi-toride no san-akunin,1958,8.1,Unrated
Le notti di Cabiria,1957,8.1,Unrated
Kumonosu-jô,1957,8.1,Unrated
The Bridge on the River Kwai,1957,8.1,10
On the Waterfront,1954,8.1,18
Le salaire de la peur,1953,8.1,L
Ace in the Hole,1951,8.1,L
White Heat,1949,8.1,Unrated
The Third Man,1949,8.1,L
The Red Shoes,1948,8.1,Unrated
The Shop Around the Corner,1940,8.1,Unrated
Rebecca,1940,8.1,L
Mr. Smith Goes to Washington,1939,8.1,L
Gone with the Wind,1939,8.1,L
La Grande Illusion,1937,8.1,Unrated
It Happened One Night,1934,8.1,L
La passion de Jeanne d'Arc,1928,8.1,L
The Circus,1928,8.1,L
Sunrise: A Song of Two Humans,1927,8.1,L
The General,1926,8.1,L
Das Cabinet des Dr. Caligari,1920,8.1,Unrated
Badhaai ho,2018,8.0,12
Togo,2019,8.0,L
Airlift,2016,8.0,12
Bajrangi Bhaijaan,2015,8.0,12
Baby,2015,8.0,12
La La Land,2016,8.0,18
Lion,2016,8.0,L
The Martian,2015,8.0,12
Zootopia,2016,8.0,L
Bãhubali: The Beginning,2015,8.0,12
Kaguyahime no monogatari,2013,8.0,L
Wonder,2017,8.0,L
Gully Boy,2019,8.0,12
Special Chabbis,2013,8.0,12
Short Term 12,2013,8.0,16
Serbuan maut 2: Berandal,2014,8.0,18
The Imitation Game,2014,8.0,12
Guardians of the Galaxy,2014,8.0,12
Blade Runner 2049,2017,8.0,12
Her,2013,8.0,18
Bohemian Rhapsody,2018,8.0,12
The Revenant,2015,8.0,18
The Perks of Being a Wallflower,2012,8.0,12
Tropa de Elite 2: O Inimigo Agora é Outro,2010,8.0,Unrated
The King's Speech,2010,8.0,L
The Help,2011,8.0,12
Deadpool,2016,8.0,16
Darbareye Elly,2009,8.0,Unrated
Dev.D,2009,8.0,18
Yip Man,2008,8.0,16
My Name Is Khan,2010,8.0,12
Nefes: Vatan Sagolsun,2009,8.0,Unrated
Slumdog Millionaire,2008,8.0,12
Black Swan,2010,8.0,18
Tropa de Elite,2007,8.0,16
The Avengers,2012,8.0,12
Persepolis,2007,8.0,13
Dallas Buyers Club,2013,8.0,16
The Pursuit of Happyness,2006,8.0,L
Blood Diamond,2006,8.0,18
The Bourne Ultimatum,2007,8.0,12
Bin-jip,2004,8.0,L
Sin City,2005,8.0,18
Le scaphandre et le papillon,2007,8.0,13
G.O.R.A.,2004,8.0,Unrated
Ratatouille,2007,8.0,L
Casino Royale,2006,8.0,13
Kill Bill: Vol. 2,2004,8.0,18
Vozvrashchenie,2003,8.0,Unrated
Bom Yeoareum Gaeul Gyeoul Geurigo Bom,2003,8.0,16
Mar adentro,2014,8.0,L
Cinderella Man,2005,8.0,12
Kal Ho Naa Ho,2003,8.0,L
Mou gaan dou,2002,8.0,12
Pirates of the Caribbean: The Curse of the Black Pearl,2003,8.0,12
Big Fish,2003,8.0,L
The Incredibles,2004,8.0,L
Yeopgijeogin geunyeo,2001,8.0,Unrated
Dogville,2003,8.0,16
Vizontele,2001,8.0,Unrated
Donnie Darko,2001,8.0,16
Magnolia,1999,8.0,16
Dancer in the Dark,2000,8.0,L
The Straight Story,1999,8.0,L
Pâfekuto burû,1997,8.0,18
Festen,1998,8.0,16
Central do Brasil,1998,8.0,16
The Iron Giant,1999,8.0,10
Knockin' on Heaven's Door,1997,8.0,Unrated
Sling Blade,1996,8.0,16
Secrets & Lies,1996,8.0,L
Twelve Monkeys,1995,8.0,18
Kôkaku Kidôtai,1995,8.0,12
The Nightmare Before Christmas,1993,8.0,L
Groundhog Day,1993,8.0,L
Bound by Honor,1993,8.0,16
Scent of a Woman,1992,8.0,12
Aladdin,1992,8.0,L
JFK,1991,8.0,12
Beauty and the Beast,1991,8.0,L
Dances with Wolves,1990,8.0,L
Do the Right Thing,1989,8.0,16
Rain Man,1988,8.0,L
Akira,1988,8.0,12
The Princess Bride,1987,8.0,L
Der Himmel über Berlin,1987,8.0,L
Au revoir les enfants,1987,8.0,L
Tenkû no shiro Rapyuta,1986,8.0,L
The Terminator,1984,8.0,12
Gandhi,1982,8.0,L
Kagemusha,1980,8.0,L
Being There,1979,8.0,10
Annie Hall,1977,8.0,18
Jaws,1975,8.0,18
Dog Day Afternoon,1975,8.0,L
Young Frankenstein,1974,8.0,18
Papillon,1973,8.0,16
The Exorcist,1973,8.0,18
Sleuth,1972,8.0,10
The Last Picture Show,1971,8.0,16
Fiddler on the Roof,1971,8.0,L
Il conformista,1970,8.0,12
Butch Cassidy and the Sundance Kid,1969,8.0,10
Rosemary's Baby,1968,8.0,18
Planet of the Apes,1968,8.0,L
The Graduate,1967,8.0,18
Who's Afraid of Virginia Woolf?,1966,8.0,18
The Sound of Music,1965,8.0,L
Doctor Zhivago,1965,8.0,18
Per un pugno di dollari,1964,8.0,18
8½,1963,8.0,Unrated
Vivre sa vie: Film en douze tableaux,1962,8.0,Unrated
The Hustler,1961,8.0,18
La dolce vita,1960,8.0,18
Rio Bravo,1959,8.0,L
Anatomy of a Murder,1959,8.0,Unrated
Touch of Evil,1958,8.0,13
Cat on a Hot Tin Roof,1958,8.0,18
Sweet Smell of Success,1957,8.0,L
The Killing,1956,8.0,L
The Night of the Hunter,1955,8.0,Unrated
La Strada,1954,8.0,Unrated
Les diaboliques,1955,8.0,Unrated
Stalag 17,1953,8.0,Unrated
Roman Holiday,1953,8.0,Unrated
A Streetcar Named Desire,1951,8.0,18
In a Lonely Place,1950,8.0,Unrated
Kind Hearts and Coronets,1949,8.0,L
Rope,1948,8.0,18
Out of the Past,1947,8.0,Unrated
Brief Encounter,1945,8.0,L
Laura,1944,8.0,L
The Best Years of Our Lives,1946,8.0,L
Arsenic and Old Lace,1942,8.0,Unrated
The Maltese Falcon,1941,8.0,Unrated
The Grapes of Wrath,1940,8.0,L
The Wizard of Oz,1939,8.0,L
La règle du jeu,1939,8.0,Unrated
The Thin Man,1934,8.0,Unrated
All Quiet on the Western Front,1930,8.0,L
Bronenosets Potemkin,1925,8.0,Unrated
Knives Out,2019,7.9,12
Dil Bechara,2020,7.9,12
Manbiki kazoku,2018,7.9,18
Marriage Story,2019,7.9,L
Call Me by Your Name,2017,7.9,12
"I, Daniel Blake",2016,7.9,12
Isle of Dogs,2018,7.9,L
Hunt for the Wilderpeople,2016,7.9,12
Captain Fantastic,2016,7.9,16
Sing Street,2016,7.9,13
Thor: Ragnarok,2017,7.9,12
Nightcrawler,2014,7.9,18
Jojo Rabbit,2019,7.9,12
Arrival,2016,7.9,12
Star Wars: Episode VII - The Force Awakens,2015,7.9,L
Before Midnight,2013,7.9,16
X-Men: Days of Future Past,2014,7.9,12
Bir Zamanlar Anadolu'da,2011,7.9,Unrated
The Artist,2011,7.9,L
Edge of Tomorrow,2014,7.9,12
Amour,2012,7.9,12
The Irishman,2019,7.9,16
Un prophète,2009,7.9,18
Moon,2009,7.9,16
Låt den rätte komma in,2008,7.9,16
District 9,2009,7.9,18
The Wrestler,2008,7.9,12
Jab We Met,2007,7.9,L
Boyhood,2014,7.9,18
"4 luni, 3 saptamâni si 2 zile",2007,7.9,Unrated
Star Trek,2009,7.9,12
In Bruges,2008,7.9,16
The Man from Earth,2007,7.9,Unrated
Letters from Iwo Jima,2006,7.9,12
The Fall,2006,7.9,16
Life of Pi,2012,7.9,L
Fantastic Mr. Fox,2009,7.9,10
C.R.A.Z.Y.,2005,7.9,Unrated
Les choristes,2004,7.9,13
Iron Man,2008,7.9,12
Shaun of the Dead,2004,7.9,12
Gegen die Wand,2004,7.9,16
Mystic River,2003,7.9,18
Harry Potter and the Prisoner of Azkaban,2004,7.9,L
Ying xiong,2002,7.9,13
Hable con ella,2002,7.9,16
No Man's Land,2001,7.9,16
Cowboy Bebop: Tengoku no tobira,2001,7.9,L
The Bourne Identity,2002,7.9,12
Nueve reinas,2000,7.9,16
Children of Men,2006,7.9,18
Almost Famous,2000,7.9,18
Mulholland Dr.,2001,7.9,16
Toy Story 2,1999,7.9,L
Boogie Nights,1997,7.9,16
Mimi wo sumaseba,1995,7.9,L
Once Were Warriors,1994,7.9,18
True Romance,1993,7.9,16
Trois couleurs: Bleu,1993,7.9,L
Jûbê ninpûchô,1993,7.9,18
Carlito's Way,1993,7.9,18
Edward Scissorhands,1990,7.9,L
My Left Foot: The Story of Christy Brown,1989,7.9,L
Crimes and Misdemeanors,1989,7.9,13
The Untouchables,1987,7.9,18
Hannah and Her Sisters,1986,7.9,13
Brazil,1985,7.9,L
This Is Spinal Tap,1984,7.9,16
A Christmas Story,1983,7.9,L
The Blues Brothers,1980,7.9,L
Manhattan,1979,7.9,16
All That Jazz,1979,7.9,18
Dawn of the Dead,1978,7.9,18
All the President's Men,1976,7.9,L
La montaña sagrada,1973,7.9,16
Amarcord,1973,7.9,16
Le charme discret de la bourgeoisie,1972,7.9,10
"Aguirre, der Zorn Gottes",1972,7.9,Unrated
Harold and Maude,1971,7.9,10
Patton,1970,7.9,L
The Wild Bunch,1969,7.9,18
Night of the Living Dead,1968,7.9,Unrated
The Lion in Winter,1968,7.9,10
In the Heat of the Night,1967,7.9,L
Charade,1963,7.9,L
The Manchurian Candidate,1962,7.9,13
Spartacus,1960,7.9,18
L'avventura,1960,7.9,L
Hiroshima mon amour,1959,7.9,Unrated
The Ten Commandments,1956,7.9,L
The Searchers,1956,7.9,L
East of Eden,1955,7.9,L
High Noon,1952,7.9,10
Strangers on a Train,1951,7.9,18
Harvey,1950,7.9,L
Miracle on 34th Street,1947,7.9,Unrated
Notorious,1946,7.9,L
The Big Sleep,1946,7.9,L
The Lost Weekend,1945,7.9,L
The Philadelphia Story,1940,7.9,Unrated
His Girl Friday,1940,7.9,L
The Adventures of Robin Hood,1938,7.9,10
A Night at the Opera,1935,7.9,L
King Kong,1933,7.9,L
Freaks,1932,7.9,Unrated
Nosferatu,1922,7.9,Unrated
The Gentlemen,2019,7.8,18
Raazi,2018,7.8,12
Sound of Metal,2019,7.8,16
Forushande,2016,7.8,12
Dunkirk,2017,7.8,12
Perfetti sconosciuti,2016,7.8,Unrated
Hidden Figures,2016,7.8,12
Paddington 2,2017,7.8,L
Udta Punjab,2016,7.8,18
Kubo and the Two Strings,2016,7.8,10
M.S. Dhoni: The Untold Story,2016,7.8,L
Manchester by the Sea,2016,7.8,12
Under sandet,2015,7.8,16
Rogue One,2016,7.8,12
Captain America: Civil War,2016,7.8,12
The Hateful Eight,2015,7.8,18
Little Women,2019,7.8,L
Loving Vincent,2017,7.8,12
Pride,2014,7.8,16
Le passé,2013,7.8,13
La grande bellezza,2013,7.8,Unrated
The Lunchbox,2013,7.8,L
Vicky Donor,2012,7.8,12
Big Hero 6,2014,7.8,L
About Time,2013,7.8,16
English Vinglish,2012,7.8,L
Kaze tachinu,2013,7.8,13
Toy Story 4,2019,7.8,L
La migliore offerta,2013,7.8,16
Moonrise Kingdom,2012,7.8,18
How to Train Your Dragon 2,2014,7.8,L
The Big Short,2015,7.8,18
Kokuhaku,2010,7.8,Unrated
Ang-ma-reul bo-at-da,2010,7.8,Unrated
The Girl with the Dragon Tattoo,2011,7.8,16
Captain Phillips,2013,7.8,12
Ajeossi,2010,7.8,16
Straight Outta Compton,2015,7.8,16
Madeo,2009,7.8,16
Chugyeokja,2008,7.8,Unrated
The Hobbit: The Desolation of Smaug,2013,7.8,12
Das weiße Band - Eine deutsche Kindergeschichte,2009,7.8,12
Män som hatar kvinnor,2009,7.8,16
The Trial of the Chicago 7,2020,7.8,16
Druk,2020,7.8,Unrated
The Fighter,2010,7.8,12
Taken,2008,7.8,18
The Boy in the Striped Pyjamas,2008,7.8,13
Once,2007,7.8,16
The Hobbit: An Unexpected Journey,2012,7.8,12
Auf der anderen Seite,2007,7.8,Unrated
Atonement,2007,7.8,16
Drive,2011,7.8,18
American Gangster,2007,7.8,18
Avatar,2009,7.8,12
Mr. Nobody,2009,7.8,16
Apocalypto,2006,7.8,18
Little Miss Sunshine,2006,7.8,12
Hot Fuzz,2007,7.8,12
The Curious Case of Benjamin Button,2008,7.8,12
Veer-Zaara,2004,7.8,L
Adams æbler,2005,7.8,16
Pride & Prejudice,2005,7.8,10
The World's Fastest Indian,2005,7.8,L
Tôkyô goddofâzâzu,2003,7.8,12
Serenity,2005,7.8,13
Walk the Line,2005,7.8,13
Ondskan,2003,7.8,Unrated
The Notebook,2004,7.8,18
Diarios de motocicleta,2004,7.8,L
Lilja 4-ever,2002,7.8,16
Les triplettes de Belleville,2003,7.8,13
Gongdong gyeongbi guyeok JSA,2000,7.8,Unrated
The Count of Monte Cristo,2002,7.8,13
Waking Life,2001,7.8,16
Remember the Titans,2000,7.8,L
Wo hu cang long,2000,7.8,12
Todo sobre mi madre,1999,7.8,16
Cast Away,2000,7.8,12
The Boondock Saints,1999,7.8,16
The Insider,1999,7.8,12
October Sky,1999,7.8,10
Shrek,2001,7.8,L
Titanic,1997,7.8,12
Hana-bi,1997,7.8,Unrated
Gattaca,1997,7.8,12
The Game,1997,7.8,12
Breaking the Waves,1996,7.8,16
Ed Wood,1994,7.8,L
What's Eating Gilbert Grape,1993,7.8,L
Tombstone,1993,7.8,16
The Sandlot,1993,7.8,L
The Remains of the Day,1993,7.8,L
Naked,1993,7.8,Unrated
The Fugitive,1993,7.8,L
A Bronx Tale,1993,7.8,16
Batman: Mask of the Phantasm,1993,7.8,10
Lat sau san taam,1992,7.8,16
Night on Earth,1991,7.8,16
La double vie de Véronique,1991,7.8,16
Boyz n the Hood,1991,7.8,18
Misery,1990,7.8,16
Awakenings,1990,7.8,L
Majo no takkyûbin,1989,7.8,L
Glory,1989,7.8,16
Dip huet seung hung,1989,7.8,16
Back to the Future Part II,1989,7.8,L
Mississippi Burning,1988,7.8,18
Predator,1987,7.8,18
Evil Dead II,1987,7.8,18
Ferris Bueller's Day Off,1986,7.8,L
Down by Law,1986,7.8,16
The Goonies,1985,7.8,L
The Color Purple,1985,7.8,L
The Breakfast Club,1985,7.8,12
The Killing Fields,1984,7.8,12
Ghostbusters,1984,7.8,12
The Right Stuff,1983,7.8,10
The King of Comedy,1982,7.8,L
E.T. the Extra-Terrestrial,1982,7.8,L
Kramer vs. Kramer,1979,7.8,18
Days of Heaven,1978,7.8,10
The Outlaw Josey Wales,1976,7.8,18
The Man Who Would Be King,1975,7.8,10
The Conversation,1974,7.8,L
La planète sauvage,1973,7.8,L
The Day of the Jackal,1973,7.8,18
Badlands,1973,7.8,10
Cabaret,1972,7.8,18
Willy Wonka & the Chocolate Factory,1971,7.8,L
Midnight Cowboy,1969,7.8,18
Wait Until Dark,1967,7.8,Unrated
Guess Who's Coming to Dinner,1967,7.8,Unrated
Bonnie and Clyde,1967,7.8,18
My Fair Lady,1964,7.8,L
Mary Poppins,1964,7.8,L
The Longest Day,1962,7.8,L
Jules et Jim,1962,7.8,Unrated
The Innocents,1961,7.8,18
À bout de souffle,1960,7.8,L
Red River,1948,7.8,L
Key Largo,1948,7.8,Unrated
To Have and Have Not,1944,7.8,10
Shadow of a Doubt,1943,7.8,10
Stagecoach,1939,7.8,L
The Lady Vanishes,1938,7.8,Unrated
Bringing Up Baby,1938,7.8,L
Bride of Frankenstein,1935,7.8,Unrated
Duck Soup,1933,7.8,Unrated
Scarface: The Shame of the Nation,1932,7.8,10
Frankenstein,1931,7.8,L
Roma,2018,7.7,16
God's Own Country,2017,7.7,Unrated
Deadpool 2,2018,7.7,16
Wind River,2017,7.7,16
Get Out,2017,7.7,16
Mission: Impossible - Fallout,2018,7.7,12
En man som heter Ove,2015,7.7,13
What We Do in the Shadows,2014,7.7,16
Omoide no Mânî,2014,7.7,L
The Theory of Everything,2014,7.7,L
Kingsman: The Secret Service,2014,7.7,18
The Fault in Our Stars,2014,7.7,12
Me and Earl and the Dying Girl,2015,7.7,13
Birdman or (The Unexpected Virtue of Ignorance),2014,7.7,18
La vie d'Adèle,2013,7.7,18
Kai po che!,2013,7.7,L
The Broken Circle Breakdown,2012,7.7,Unrated
Captain America: The Winter Soldier,2014,7.7,12
Rockstar,2011,7.7,12
Nebraska,2013,7.7,12
Wreck-It Ralph,2012,7.7,L
Le Petit Prince,2015,7.7,10
Detachment,2011,7.7,Unrated
Midnight in Paris,2011,7.7,13
The Lego Movie,2014,7.7,L
Gravity,2013,7.7,12
Star Trek Into Darkness,2013,7.7,12
Beasts of No Nation,2015,7.7,Unrated
The Social Network,2010,7.7,12
X: First Class,2011,7.7,12
The Hangover,2009,7.7,12
Skyfall,2012,7.7,12
Silver Linings Playbook,2012,7.7,18
Argo,2012,7.7,18
(500) Days of Summer,2009,7.7,12
Harry Potter and the Deathly Hallows: Part 1,2010,7.7,18
Gake no ue no Ponyo,2008,7.7,L
Frost/Nixon,2008,7.7,16
Papurika,2006,7.7,L
Changeling,2008,7.7,16
Flipped,2010,7.7,10
Toki o kakeru shôjo,2006,7.7,L
Death Note: Desu nôto,2006,7.7,Unrated
This Is England,2006,7.7,Unrated
Ex Machina,2014,7.7,12
Efter brylluppet,2006,7.7,16
The Last King of Scotland,2006,7.7,16
Zodiac,2007,7.7,12
Lucky Number Slevin,2006,7.7,16
Joyeux Noël,2005,7.7,13
Control,2007,7.7,16
Tangled,2010,7.7,L
Zwartboek,2006,7.7,16
Brokeback Mountain,2005,7.7,18
3:10 to Yuma,2007,7.7,18
Crash,2004,7.7,12
Kung fu,2004,7.7,12
The Bourne Supremacy,2004,7.7,18
The Machinist,2004,7.7,16
Ray,2004,7.7,18
Lost in Translation,2003,7.7,12
Harry Potter and the Goblet of Fire,2005,7.7,12
Man on Fire,2004,7.7,12
Coraline,2009,7.7,L
The Last Samurai,2003,7.7,12
The Magdalene Sisters,2002,7.7,16
Good Bye Lenin!,2003,7.7,16
In America,2002,7.7,13
I Am Sam,2001,7.7,13
Adaptation.,2002,7.7,16
Black Hawk Down,2001,7.7,18
Road to Perdition,2002,7.7,18
Das Experiment,2001,7.7,16
Billy Elliot,2000,7.7,16
Hedwig and the Angry Inch,2001,7.7,16
Ocean's Eleven,2001,7.7,12
Vampire Hunter D: Bloodlust,2000,7.7,L
"O Brother, Where Art Thou?",2000,7.7,L
Interstate 60: Episodes of the Road,2002,7.7,16
"South Park: Bigger, Longer & Uncut",1999,7.7,18
Office Space,1999,7.7,16
Happiness,1998,7.7,Unrated
Training Day,2001,7.7,18
Rushmore,1998,7.7,12
Abre los ojos,1997,7.7,L
Being John Malkovich,1999,7.7,16
As Good as It Gets,1997,7.7,18
The Fifth Element,1997,7.7,12
Le dîner de cons,1998,7.7,13
Donnie Brasco,1997,7.7,18
Shine,1996,7.7,L
Primal Fear,1996,7.7,18
Hamlet,1996,7.7,13
A Little Princess,1995,7.7,L
Do lok tin si,1995,7.7,12
Il postino,1994,7.7,L
Clerks,1994,7.7,16
Short Cuts,1993,7.7,16
Philadelphia,1993,7.7,12
The Muppet Christmas Carol,1992,7.7,L
Malcolm X,1992,7.7,L
The Last of the Mohicans,1992,7.7,12
Kurenai no buta,1992,7.7,L
Glengarry Glen Ross,1992,7.7,16
A Few Good Men,1992,7.7,L
Fried Green Tomatoes,1991,7.7,13
Barton Fink,1991,7.7,L
Miller's Crossing,1990,7.7,16
Who Framed Roger Rabbit,1988,7.7,L
Spoorloos,1988,7.7,Unrated
Withnail & I,1987,7.7,16
The Last Emperor,1987,7.7,L
Empire of the Sun,1987,7.7,L
Der Name der Rose,1986,7.7,16
Blue Velvet,1986,7.7,18
The Purple Rose of Cairo,1985,7.7,L
After Hours,1985,7.7,12
Zelig,1983,7.7,10
The Verdict,1982,7.7,L
Star Trek II: The Wrath of Khan,1982,7.7,L
First Blood,1982,7.7,18
Ordinary People,1980,7.7,L
Airplane!,1980,7.7,L
Rupan sansei: Kariosutoro no shiro,1979,7.7,L
Halloween,1978,7.7,18
Le locataire,1976,7.7,16
Love and Death,1975,7.7,10
The Taking of Pelham One Two Three,1974,7.7,L
Blazing Saddles,1974,7.7,18
Serpico,1973,7.7,18
Enter the Dragon,1973,7.7,18
Deliverance,1972,7.7,L
The French Connection,1971,7.7,18
Dirty Harry,1971,7.7,18
Where Eagles Dare,1968,7.7,L
The Odd Couple,1968,7.7,L
The Dirty Dozen,1967,7.7,Unrated
Belle de jour,1967,7.7,18
A Man for All Seasons,1966,7.7,L
Repulsion,1965,7.7,Unrated
Zulu,1964,7.7,L
Goldfinger,1964,7.7,18
The Birds,1963,7.7,18
Cape Fear,1962,7.7,L
Peeping Tom,1960,7.7,Unrated
The Magnificent Seven,1960,7.7,L
Les yeux sans visage,1960,7.7,Unrated
Invasion of the Body Snatchers,1956,7.7,L
Rebel Without a Cause,1955,7.7,13
The Ladykillers,1955,7.7,Unrated
Sabrina,1954,7.7,L
The Quiet Man,1952,7.7,L
The Day the Earth Stood Still,1951,7.7,L
The African Queen,1951,7.7,10
Gilda,1946,7.7,L
Fantasia,1940,7.7,L
The Invisible Man,1933,7.7,Unrated
Dark Waters,2019,7.6,13
Searching,2018,7.6,10
Once Upon a Time... in Hollywood,2019,7.6,18
Nelyubov,2017,7.6,16
The Florida Project,2017,7.6,18
Just Mercy,2019,7.6,18
Gifted,2017,7.6,13
The Peanut Butter Falcon,2019,7.6,13
Victoria,2015,7.6,Unrated
Mustang,2015,7.6,13
Guardians of the Galaxy Vol. 2,2017,7.6,12
Baby Driver,2017,7.6,12
Only the Brave,2017,7.6,12
Bridge of Spies,2015,7.6,12
Incredibles 2,2018,7.6,12
Moana,2016,7.6,L
Sicario,2015,7.6,18
Creed,2015,7.6,18
Leviafan,2014,7.6,16
Hell or High Water,2016,7.6,16
Philomena,2013,7.6,13
Dawn of the Planet of the Apes,2014,7.6,12
El cuerpo,2012,7.6,Unrated
Serbuan maut,2011,7.6,18
End of Watch,2012,7.6,18
Kari-gurashi no Arietti,2010,7.6,L
A Star Is Born,2018,7.6,12
True Grit,2010,7.6,13
Hævnen,2010,7.6,16
Despicable Me,2010,7.6,L
50/50,2011,7.6,16
Kick-Ass,2010,7.6,12
Celda 211,2009,7.6,Unrated
Moneyball,2011,7.6,13
La piel que habito,2011,7.6,16
Zombieland,2009,7.6,18
Die Welle,2008,7.6,Unrated
Sherlock Holmes,2009,7.6,13
The Blind Side,2009,7.6,12
The Visitor,2007,7.6,13
Seven Pounds,2008,7.6,12
Eastern Promises,2007,7.6,16
Stardust,2007,7.6,L
The Secret of Kells,2009,7.6,Unrated
Inside Man,2006,7.6,16
Gone Baby Gone,2007,7.6,16
La Vie En Rose,2007,7.6,13
Huo Yuan Jia,2006,7.6,13
The Illusionist,2006,7.6,L
Dead Man's Shoes,2004,7.6,Unrated
Harry Potter and the Half-Blood Prince,2009,7.6,12
300,2006,7.6,18
Match Point,2005,7.6,16
Watchmen,2009,7.6,18
Lord of War,2005,7.6,16
Saw,2004,7.6,12
"Synecdoche, New York",2008,7.6,16
Mysterious Skin,2004,7.6,16
Jeux d'enfants,2003,7.6,16
Un long dimanche de fiançailles,2004,7.6,L
The Station Agent,2003,7.6,16
21 Grams,2003,7.6,12
Boksuneun naui geot,2002,7.6,16
Finding Neverland,2004,7.6,L
25th Hour,2002,7.6,16
The Butterfly Effect,2004,7.6,L
28 Days Later...,2002,7.6,18
Batoru rowaiaru,2000,7.6,Unrated
The Royal Tenenbaums,2001,7.6,18
Y tu mamá también,2001,7.6,18
Harry Potter and the Sorcerer's Stone,2001,7.6,L
The Others,2001,7.6,13
Blow,2001,7.6,16
Enemy at the Gates,2001,7.6,18
Minority Report,2002,7.6,18
The Hurricane,1999,7.6,16
American Psycho,2000,7.6,18
Lola rennt,1998,7.6,12
The Thin Red Line,1998,7.6,18
Mulan,1998,7.6,L
Fear and Loathing in Las Vegas,1998,7.6,16
Funny Games,1997,7.6,18
Dark City,1998,7.6,18
Sleepers,1996,7.6,12
Lost Highway,1997,7.6,18
Sense and Sensibility,1995,7.6,L
Die Hard: With a Vengeance,1995,7.6,18
Dead Man,1995,7.6,16
The Bridges of Madison County,1995,7.6,18
Apollo 13,PG,7.6,L
Trois couleurs: Blanc,1994,7.6,L
Falling Down,1993,7.6,16
Dazed and Confused,1993,7.6,L
My Cousin Vinny,1992,7.6,12
Omohide poro poro,1991,7.6,L
Delicatessen,1991,7.6,16
Home Alone,1990,7.6,L
The Godfather: Part III,1990,7.6,18
When Harry Met Sally...,1989,7.6,12
The Little Mermaid,1989,7.6,L
The Naked Gun: From the Files of Police Squad!,1988,7.6,L
"Planes, Trains & Automobiles",1987,7.6,L
Lethal Weapon,1987,7.6,18
Blood Simple,1984,7.6,18
On Golden Pond,1981,7.6,12
Mad Max 2,1981,7.6,18
The Warriors,1979,7.6,12
The Muppet Movie,1979,7.6,L
Escape from Alcatraz,1979,7.6,18
Watership Down,1978,7.6,L
Midnight Express,1978,7.6,18
Close Encounters of the Third Kind,1977,7.6,L
The Long Goodbye,1973,7.6,18
Giù la testa,1971,7.6,10
Kelly's Heroes,1970,7.6,L
The Jungle Book,1967,7.6,L
Blowup,1966,7.6,18
A Hard Day's Night,1964,7.6,L
Breakfast at Tiffany's,1961,7.6,18
Giant,1956,7.6,L
From Here to Eternity,1953,7.6,L
Lifeboat,1944,7.6,Unrated
The 39 Steps,1935,7.6,Unrated
